{"gold_18k": [[1783502143.655002, 126989367], [1783527364.6880488, 126989367], [1783543509.6287324, 126989367], [1783543590.9574533, 126989367], [1783587331.579693, 128510339]], "bitcoin": [[1783502143.655002, 61865], [1783527364.6880488, 61769], [1783543509.6287324, 62156], [1783543590.9574533, 62142], [1783587331.579693, 62861]], "tether": [[1783502143.655002, 1266500], [1783527364.6880488, 1266609], [1783543509.6287324, 1266666], [1783543590.9574533, 1266709], [1783587331.579693, 1297716]], "gold_ounce": [[1783502143.655002, 4154.26], [1783527364.6880488, 4154.26], [1783543509.6287324, 4154.26], [1783543590.9574533, 4154.26], [1783587331.579693, 4103.13]]}