{"gold_18k": [[1783423311.0602963, 127614422], [1783451803.3595002, 127614422], [1783460807.189224, 127614422], [1783467066.5949974, 127614422], [1783502143.655002, 126989367]], "bitcoin": [[1783423311.0602963, 63123], [1783451803.3595002, 63468], [1783460807.189224, 63362], [1783467066.5949974, 63615], [1783502143.655002, 61865]], "tether": [[1783423311.0602963, 1266036], [1783451803.3595002, 1266242], [1783460807.189224, 1266363], [1783467066.5949974, 1266394], [1783502143.655002, 1266500]], "gold_ounce": [[1783423311.0602963, 4176.39], [1783451803.3595002, 4176.39], [1783460807.189224, 4176.39], [1783467066.5949974, 4176.39], [1783502143.655002, 4154.26]]}