{"gold_18k": [[1783269814.9506931, 120616710], [1783283697.1802766, 120616710], [1783283925.4627495, 120616710], [1783340183.363586, 116133174], [1783365705.613584, 116133174]], "bitcoin": [[1783269814.9506931, 62582], [1783283697.1802766, 62655], [1783283925.4627495, 62673], [1783340183.363586, 61961], [1783365705.613584, 63792]], "tether": [[1783269814.9506931, 1196977], [1783283697.1802766, 1196958], [1783283925.4627495, 1196901], [1783340183.363586, 1152362], [1783365705.613584, 1152858]], "gold_ounce": [[1783269814.9506931, 4175.35], [1783283697.1802766, 4175.35], [1783283925.4627495, 4175.35], [1783340183.363586, 4175.16], [1783365705.613584, 4175.16]]}