{"gold_18k": [[1783679777.67055, 126592325], [1783716704.4294112, 126592325], [1783716942.3425648, 126592325], [1783719509.6440856, 126592325], [1783751197.1727397, 131387662]], "bitcoin": [[1783679777.67055, 64373], [1783716704.4294112, 63825], [1783716942.3425648, 63826], [1783719509.6440856, 63986], [1783751197.1727397, 64202]], "tether": [[1783679777.67055, 1284296], [1783716704.4294112, 1284343], [1783716942.3425648, 1284356], [1783719509.6440856, 1284379], [1783751197.1727397, 1320918]], "gold_ounce": [[1783679777.67055, 4084.69], [1783716704.4294112, 4084.69], [1783716942.3425648, 4084.69], [1783719509.6440856, 4084.69], [1783751197.1727397, 4121.92]]}