{"gold_18k": [[1782324783.5860858, 121511700], [1782337899.759462, 122324655], [1782341783.038208, 122056624], [1782383085.6341364, 123754645], [1782412538.0225897, 125337174], [1782425322.9960463, 124974724]], "bitcoin": [[1782324783.5860858, 59479], [1782337899.759462, 60972], [1782341783.038208, 60771], [1782383085.6341364, 61519], [1782412538.0225897, 59404], [1782425322.9960463, 59961]], "tether": [[1782324783.5860858, 1265694], [1782337899.759462, 1265628], [1782341783.038208, 1265579], [1782383085.6341364, 1287348], [1782412538.0225897, 1287309], [1782425322.9960463, 1287130]], "gold_ounce": [[1782324783.5860858, 3975.88], [1782337899.759462, 4002.48], [1782341783.038208, 3993.71], [1782383085.6341364, 3981.19], [1782412538.0225897, 4032.1], [1782425322.9960463, 4020.44]]}