{"gold_18k": [[1783340183.363586, 116133174], [1783365705.613584, 116133174], [1783374820.866313, 116133174], [1783381481.9969072, 116133174], [1783423311.0602963, 127614422]], "bitcoin": [[1783340183.363586, 61961], [1783365705.613584, 63792], [1783374820.866313, 64352], [1783381481.9969072, 64028], [1783423311.0602963, 63123]], "tether": [[1783340183.363586, 1152362], [1783365705.613584, 1152858], [1783374820.866313, 1152746], [1783381481.9969072, 1152837], [1783423311.0602963, 1266036]], "gold_ounce": [[1783340183.363586, 4175.16], [1783365705.613584, 4175.16], [1783374820.866313, 4175.16], [1783381481.9969072, 4175.16], [1783423311.0602963, 4176.39]]}