{"gold_18k": [[1784268831.3199875, 123445748], [1784279296.2799048, 123369959], [1784287218.5963855, 123289848], [1784294712.325341, 122560048], [1784301107.5221596, 123766657], [1784315147.7350438, 123708464], [1784319349.7242439, 123862204], [1784321602.455201, 124039560], [1784325153.3630707, 124025050], [1784328561.61942, 124025050], [1784332272.2658248, 124025050], [1784341422.8221624, 128004378], [1784352284.3978481, 128004378], [1784360843.509549, 128004378], [1784366629.352302, 128004378]], "bitcoin": [[1784268831.3199875, 62763], [1784279296.2799048, 62843], [1784287218.5963855, 63024], [1784294712.325341, 62857], [1784301107.5221596, 62989], [1784315147.7350438, 64171], [1784319349.7242439, 63976], [1784321602.455201, 64018], [1784325153.3630707, 64043], [1784328561.61942, 63911], [1784332272.2658248, 63908], [1784341422.8221624, 63958], [1784352284.3978481, 63913], [1784360843.509549, 63975], [1784366629.352302, 63903]], "tether": [[1784268831.3199875, 1279222], [1784279296.2799048, 1279028], [1784287218.5963855, 1279189], [1784294712.325341, 1279102], [1784301107.5221596, 1279134], [1784315147.7350438, 1279365], [1784319349.7242439, 1279430], [1784321602.455201, 1279339], [1784325153.3630707, 1279422], [1784328561.61942, 1279380], [1784332272.2658248, 1279416], [1784341422.8221624, 1320464], [1784352284.3978481, 1320393], [1784360843.509549, 1320389], [1784366629.352302, 1320368]], "gold_ounce": [[1784268831.3199875, 3998.71], [1784279296.2799048, 3996.26], [1784287218.5963855, 3993.66], [1784294712.325341, 3970.02], [1784301107.5221596, 4009.11], [1784315147.7350438, 4007.22], [1784319349.7242439, 4012.2], [1784321602.455201, 4017.95], [1784325153.3630707, 4017.47], [1784328561.61942, 4017.47], [1784332272.2658248, 4017.47], [1784341422.8221624, 4017.47], [1784352284.3978481, 4017.47], [1784360843.509549, 4017.47], [1784366629.352302, 4017.47]]}