{"gold_18k": [[1782930192.0504544, 121937448], [1782943603.8505795, 121937448], [1782946664.5967612, 121937448], [1782987372.3973835, 125085286], [1783012419.6680174, 125085286], [1783024997.7331405, 125085286]], "bitcoin": [[1782930192.0504544, 60074], [1782943603.8505795, 60752], [1782946664.5967612, 60382], [1782987372.3973835, 61140], [1783012419.6680174, 61650], [1783024997.7331405, 61322]], "tether": [[1782930192.0504544, 1259025], [1782943603.8505795, 1259034], [1782946664.5967612, 1259058], [1782987372.3973835, 1292163], [1783012419.6680174, 1292711], [1783024997.7331405, 1292692]], "gold_ounce": [[1782930192.0504544, 4012.18], [1782943603.8505795, 4012.18], [1782946664.5967612, 4012.18], [1782987372.3973835, 4008.93], [1783012419.6680174, 4008.93], [1783024997.7331405, 4008.93]]}