{"gold_18k": [[1783180006.8369648, 131397745], [1783196088.0069978, 131397745], [1783196183.470633, 131397745], [1783239878.8713531, 120616710], [1783256341.0333717, 120616710], [1783269814.9506931, 120616710], [1783283697.1802766, 120616710]], "bitcoin": [[1783180006.8369648, 62864], [1783196088.0069978, 63302], [1783196183.470633, 63293], [1783239878.8713531, 62916], [1783256341.0333717, 62675], [1783269814.9506931, 62582], [1783283697.1802766, 62655]], "tether": [[1783180006.8369648, 1318220], [1783196088.0069978, 1318269], [1783196183.470633, 1318265], [1783239878.8713531, 1196970], [1783256341.0333717, 1196998], [1783269814.9506931, 1196977], [1783283697.1802766, 1196958]], "gold_ounce": [[1783180006.8369648, 4130.37], [1783196088.0069978, 4130.37], [1783196183.470633, 4130.37], [1783239878.8713531, 4175.35], [1783256341.0333717, 4175.35], [1783269814.9506931, 4175.35], [1783283697.1802766, 4175.35]]}