{"gold_18k": [[1783966301.09495, 114440837], [1783975190.1624317, 114440837], [1783980833.928249, 114440837], [1784011031.7983067, 124592431], [1784030395.790276, 124592431], [1784047519.6509004, 124592431], [1784061571.5746522, 124592431], [1784061736.7142048, 124592431], [1784066180.2868826, 124592431], [1784069873.692203, 124592431]], "bitcoin": [[1783966301.09495, 61901], [1783975190.1624317, 62171], [1783980833.928249, 62126], [1784011031.7983067, 62688], [1784030395.790276, 62786], [1784047519.6509004, 64778], [1784061571.5746522, 64403], [1784061736.7142048, 64400], [1784066180.2868826, 64617], [1784069873.692203, 64869]], "tether": [[1783966301.09495, 1151709], [1783975190.1624317, 1151755], [1783980833.928249, 1151818], [1784011031.7983067, 1262880], [1784030395.790276, 1262906], [1784047519.6509004, 1263340], [1784061571.5746522, 1263534], [1784061736.7142048, 1263548], [1784066180.2868826, 1263443], [1784069873.692203, 1263472]], "gold_ounce": [[1783966301.09495, 4116.56], [1783975190.1624317, 4116.56], [1783980833.928249, 4116.56], [1784011031.7983067, 4086.76], [1784030395.790276, 4086.76], [1784047519.6509004, 4086.76], [1784061571.5746522, 4086.76], [1784061736.7142048, 4086.76], [1784066180.2868826, 4086.76], [1784069873.692203, 4086.76]]}