{"gold_18k": [[1783527364.6880488, 126989367], [1783543509.6287324, 126989367], [1783543590.9574533, 126989367], [1783587331.579693, 128510339], [1783617930.0894063, 128510339]], "bitcoin": [[1783527364.6880488, 61769], [1783543509.6287324, 62156], [1783543590.9574533, 62142], [1783587331.579693, 62861], [1783617930.0894063, 62759]], "tether": [[1783527364.6880488, 1266609], [1783543509.6287324, 1266666], [1783543590.9574533, 1266709], [1783587331.579693, 1297716], [1783617930.0894063, 1297768]], "gold_ounce": [[1783527364.6880488, 4154.26], [1783543509.6287324, 4154.26], [1783543590.9574533, 4154.26], [1783587331.579693, 4103.13], [1783617930.0894063, 4103.13]]}