{"gold_18k": [[1781671922.3794484, 143391195]], "bitcoin": [[1781671922.3794484, 65932]], "tether": [[1781671922.3794484, 1254226]]}