{"gold_18k": [[1783766660.595665, 131387662], [1783780628.721354, 131387662], [1783793258.57018, 131387662], [1783800611.8010442, 131387662], [1783805711.6770089, 131387662], [1783841658.5848994, 118691457], [1783856667.738885, 118691457], [1783870748.6824481, 118691457]], "bitcoin": [[1783766660.595665, 64106], [1783780628.721354, 64398], [1783793258.57018, 64269], [1783800611.8010442, 64244], [1783805711.6770089, 64316], [1783841658.5848994, 63844], [1783856667.738885, 63953], [1783870748.6824481, 64098]], "tether": [[1783766660.595665, 1320729], [1783780628.721354, 1320817], [1783793258.57018, 1320914], [1783800611.8010442, 1320931], [1783805711.6770089, 1320981], [1783841658.5848994, 1194017], [1783856667.738885, 1194022], [1783870748.6824481, 1194027]], "gold_ounce": [[1783766660.595665, 4121.92], [1783780628.721354, 4121.92], [1783793258.57018, 4121.92], [1783800611.8010442, 4121.92], [1783805711.6770089, 4121.92], [1783841658.5848994, 4119.78], [1783856667.738885, 4119.78], [1783870748.6824481, 4119.78]]}