{"gold_18k": [[1781706346.2003274, 144457513], [1781734616.552191, 141461415], [1781735265.9369316, 141420804], [1781784838.9527063, 141140173], [1781796782.0948513, 140685330]], "bitcoin": [[1781706346.2003274, 65195], [1781734616.552191, 64087], [1781735265.9369316, 64254], [1781784838.9527063, 63950], [1781796782.0948513, 63231]], "tether": [[1781706346.2003274, 1254387], [1781734616.552191, 1254458], [1781735265.9369316, 1254530], [1781784838.9527063, 1287583], [1781796782.0948513, 1287320]], "gold_ounce": [[1781796782.0948513, 4243.66]]}