{"gold_18k": [[1784493910.7860038, 129803112], [1784497872.4272144, 129803112], [1784501438.712038, 129144318], [1784505337.3440142, 128904904], [1784516173.3925369, 129119947], [1784528364.593101, 128731924], [1784542143.8925743, 129077243], [1784552677.7286472, 128820862], [1784562527.971905, 128859071], [1784570475.1940606, 128709288], [1784572030.5872228, 128611840], [1784578768.4921405, 128667868], [1784584718.9345992, 128690183], [1784588834.3900776, 128697408], [1784601231.3816347, 123145192]], "bitcoin": [[1784493910.7860038, 64447], [1784497872.4272144, 64339], [1784501438.712038, 64705], [1784505337.3440142, 64638], [1784516173.3925369, 64816], [1784528364.593101, 64106], [1784542143.8925743, 64147], [1784552677.7286472, 64580], [1784562527.971905, 65299], [1784570475.1940606, 65543], [1784572030.5872228, 65564], [1784578768.4921405, 65168], [1784584718.9345992, 65243], [1784588834.3900776, 65136], [1784601231.3816347, 65272]], "tether": [[1784493910.7860038, 1338820], [1784497872.4272144, 1338839], [1784501438.712038, 1338922], [1784505337.3440142, 1338856], [1784516173.3925369, 1330536], [1784528364.593101, 1330347], [1784542143.8925743, 1330298], [1784552677.7286472, 1330151], [1784562527.971905, 1330303], [1784570475.1940606, 1330392], [1784572030.5872228, 1330460], [1784578768.4921405, 1330510], [1784584718.9345992, 1330527], [1784588834.3900776, 1330609], [1784601231.3816347, 1265973]], "gold_ounce": [[1784493910.7860038, 4017.47], [1784497872.4272144, 4017.47], [1784501438.712038, 3997.09], [1784505337.3440142, 3989.68], [1784516173.3925369, 4021.45], [1784528364.593101, 4009.36], [1784542143.8925743, 4020.11], [1784552677.7286472, 4012.13], [1784562527.971905, 4013.32], [1784570475.1940606, 4008.66], [1784572030.5872228, 4005.62], [1784578768.4921405, 4007.36], [1784584718.9345992, 4008.06], [1784588834.3900776, 4008.28], [1784601231.3816347, 4030.79]]}