{"gold_18k": [[1782840625.060163, 123329335], [1782856409.7342622, 123329335], [1782859985.632595, 123329335], [1782903478.561609, 121937448], [1782930192.0504544, 121937448], [1782943603.8505795, 121937448]], "bitcoin": [[1782840625.060163, 58300], [1782856409.7342622, 58511], [1782859985.632595, 58492], [1782903478.561609, 58593], [1782930192.0504544, 60074], [1782943603.8505795, 60752]], "tether": [[1782840625.060163, 1258075], [1782856409.7342622, 1258168], [1782859985.632595, 1258119], [1782903478.561609, 1258735], [1782930192.0504544, 1259025], [1782943603.8505795, 1259034]], "gold_ounce": [[1782840625.060163, 4059.63], [1782856409.7342622, 4059.63], [1782859985.632595, 4059.63], [1782903478.561609, 4012.18], [1782930192.0504544, 4012.18], [1782943603.8505795, 4012.18]]}