{"gold_18k": [[1783094788.5171735, 124767019], [1783111202.106304, 124767019], [1783111336.4043992, 124767019], [1783150242.6126661, 131397745], [1783166304.6921275, 131397745], [1783180006.8369648, 131397745], [1783196088.0069978, 131397745]], "bitcoin": [[1783094788.5171735, 61902], [1783111202.106304, 62658], [1783111336.4043992, 62601], [1783150242.6126661, 62508], [1783166304.6921275, 62452], [1783180006.8369648, 62864], [1783196088.0069978, 63302]], "tether": [[1783094788.5171735, 1278620], [1783111202.106304, 1278638], [1783111336.4043992, 1278662], [1783150242.6126661, 1318212], [1783166304.6921275, 1318216], [1783180006.8369648, 1318220], [1783196088.0069978, 1318269]], "gold_ounce": [[1783094788.5171735, 4042.63], [1783111202.106304, 4042.63], [1783111336.4043992, 4042.63], [1783150242.6126661, 4130.37], [1783166304.6921275, 4130.37], [1783180006.8369648, 4130.37], [1783196088.0069978, 4130.37]]}