{"gold_18k": [[1782383085.6341364, 123754645], [1782412538.0225897, 125337174], [1782425322.9960463, 124974724], [1782431723.6512194, 124702732], [1782472736.3704824, 123123396]], "bitcoin": [[1782383085.6341364, 61519], [1782412538.0225897, 59404], [1782425322.9960463, 59961], [1782431723.6512194, 59737], [1782472736.3704824, 59315]], "tether": [[1782383085.6341364, 1287348], [1782412538.0225897, 1287309], [1782425322.9960463, 1287130], [1782431723.6512194, 1287202], [1782472736.3704824, 1271447]], "gold_ounce": [[1782383085.6341364, 3981.19], [1782412538.0225897, 4032.1], [1782425322.9960463, 4020.44], [1782431723.6512194, 4011.69], [1782472736.3704824, 4009.99]]}