{"gold_18k": [[1783283697.1802766, 120616710], [1783283925.4627495, 120616710], [1783340183.363586, 116133174], [1783365705.613584, 116133174], [1783374820.866313, 116133174], [1783381481.9969072, 116133174]], "bitcoin": [[1783283697.1802766, 62655], [1783283925.4627495, 62673], [1783340183.363586, 61961], [1783365705.613584, 63792], [1783374820.866313, 64352], [1783381481.9969072, 64028]], "tether": [[1783283697.1802766, 1196958], [1783283925.4627495, 1196901], [1783340183.363586, 1152362], [1783365705.613584, 1152858], [1783374820.866313, 1152746], [1783381481.9969072, 1152837]], "gold_ounce": [[1783283697.1802766, 4175.35], [1783283925.4627495, 4175.35], [1783340183.363586, 4175.16], [1783365705.613584, 4175.16], [1783374820.866313, 4175.16], [1783381481.9969072, 4175.16]]}