{"gold_18k": [[1784728203.9894743, 135316403], [1784734857.0927467, 135739994], [1784740646.1960995, 135242650], [1784742479.0507858, 135165144], [1784747763.3810494, 134925772], [1784754342.5645742, 134781366], [1784761310.0160313, 134486190], [1784774258.320346, 128746110], [1784785932.399044, 129094263], [1784795265.6101346, 127909729], [1784804896.9556448, 127877681], [1784814881.8369062, 126796484], [1784822076.8086593, 126642340], [1784827303.2752678, 126635930], [1784829278.9356363, 126283713]], "bitcoin": [[1784728203.9894743, 65806], [1784734857.0927467, 65950], [1784740646.1960995, 66106], [1784742479.0507858, 66134], [1784747763.3810494, 65715], [1784754342.5645742, 65877], [1784761310.0160313, 66003], [1784774258.320346, 65779], [1784785932.399044, 65634], [1784795265.6101346, 65485], [1784804896.9556448, 65654], [1784814881.8369062, 64868], [1784822076.8086593, 64941], [1784827303.2752678, 64724], [1784829278.9356363, 64776]], "tether": [[1784728203.9894743, 1352311], [1784734857.0927467, 1352575], [1784740646.1960995, 1352687], [1784742479.0507858, 1352624], [1784747763.3810494, 1352559], [1784754342.5645742, 1352628], [1784761310.0160313, 1352556], [1784774258.320346, 1295928], [1784785932.399044, 1295956], [1784795265.6101346, 1295995], [1784804896.9556448, 1296075], [1784814881.8369062, 1296022], [1784822076.8086593, 1295943], [1784827303.2752678, 1295609], [1784829278.9356363, 1295679]], "gold_ounce": [[1784728203.9894743, 4146.47], [1784734857.0927467, 4159.44], [1784740646.1960995, 4144.2], [1784742479.0507858, 4141.83], [1784747763.3810494, 4134.49], [1784754342.5645742, 4130.07], [1784761310.0160313, 4121.02], [1784774258.320346, 4117.69], [1784785932.399044, 4128.83], [1784795265.6101346, 4090.95], [1784804896.9556448, 4089.92], [1784814881.8369062, 4055.34], [1784822076.8086593, 4050.41], [1784827303.2752678, 4050.2], [1784829278.9356363, 4038.94]]}