{"gold_18k": [[1783966301.09495, 114440837], [1783975190.1624317, 114440837], [1783980833.928249, 114440837], [1784011031.7983067, 124592431], [1784030395.790276, 124592431]], "bitcoin": [[1783966301.09495, 61901], [1783975190.1624317, 62171], [1783980833.928249, 62126], [1784011031.7983067, 62688], [1784030395.790276, 62786]], "tether": [[1783966301.09495, 1151709], [1783975190.1624317, 1151755], [1783980833.928249, 1151818], [1784011031.7983067, 1262880], [1784030395.790276, 1262906]], "gold_ounce": [[1783966301.09495, 4116.56], [1783975190.1624317, 4116.56], [1783980833.928249, 4116.56], [1784011031.7983067, 4086.76], [1784030395.790276, 4086.76]]}