{"gold_18k": [[1784390170.7617064, 128004378], [1784393951.7210243, 128004378], [1784395738.5582502, 128004378], [1784397688.66464, 128004378], [1784404984.3594766, 128004378], [1784411389.5056434, 128004378], [1784414868.170054, 128004378], [1784418751.7101066, 128004378], [1784428550.8750432, 129803112], [1784440273.710023, 129803112], [1784448895.3579626, 129803112], [1784456802.7321641, 129803112], [1784462211.0779707, 129803112], [1784467434.281248, 129803112], [1784472858.9240727, 129803112], [1784476592.5051916, 129803112], [1784480417.7625122, 129803112], [1784482236.4825408, 129803112], [1784487840.9717996, 129803112], [1784493910.7860038, 129803112], [1784497872.4272144, 129803112]], "bitcoin": [[1784390170.7617064, 64077], [1784393951.7210243, 64245], [1784395738.5582502, 64245], [1784397688.66464, 64439], [1784404984.3594766, 64504], [1784411389.5056434, 64606], [1784414868.170054, 64722], [1784418751.7101066, 64776], [1784428550.8750432, 64811], [1784440273.710023, 64683], [1784448895.3579626, 64667], [1784456802.7321641, 64554], [1784462211.0779707, 64416], [1784467434.281248, 64295], [1784472858.9240727, 64536], [1784476592.5051916, 64529], [1784480417.7625122, 64487], [1784482236.4825408, 64610], [1784487840.9717996, 64347], [1784493910.7860038, 64447], [1784497872.4272144, 64339]], "tether": [[1784390170.7617064, 1320431], [1784393951.7210243, 1320441], [1784395738.5582502, 1320341], [1784397688.66464, 1320446], [1784404984.3594766, 1320414], [1784411389.5056434, 1320439], [1784414868.170054, 1320476], [1784418751.7101066, 1320530], [1784428550.8750432, 1338973], [1784440273.710023, 1338930], [1784448895.3579626, 1338951], [1784456802.7321641, 1338963], [1784462211.0779707, 1338882], [1784467434.281248, 1338813], [1784472858.9240727, 1338821], [1784476592.5051916, 1338895], [1784480417.7625122, 1338841], [1784482236.4825408, 1338942], [1784487840.9717996, 1338900], [1784493910.7860038, 1338820], [1784497872.4272144, 1338839]], "gold_ounce": [[1784390170.7617064, 4017.47], [1784393951.7210243, 4017.47], [1784395738.5582502, 4017.47], [1784397688.66464, 4017.47], [1784404984.3594766, 4017.47], [1784411389.5056434, 4017.47], [1784414868.170054, 4017.47], [1784418751.7101066, 4017.47], [1784428550.8750432, 4017.47], [1784440273.710023, 4017.47], [1784448895.3579626, 4017.47], [1784456802.7321641, 4017.47], [1784462211.0779707, 4017.47], [1784467434.281248, 4017.47], [1784472858.9240727, 4017.47], [1784476592.5051916, 4017.47], [1784480417.7625122, 4017.47], [1784482236.4825408, 4017.47], [1784487840.9717996, 4017.47], [1784493910.7860038, 4017.47], [1784497872.4272144, 4017.47]]}