{"gold_18k": [[1784542143.8925743, 129077243], [1784552677.7286472, 128820862], [1784562527.971905, 128859071], [1784570475.1940606, 128709288], [1784572030.5872228, 128611840], [1784578768.4921405, 128667868], [1784584718.9345992, 128690183], [1784588834.3900776, 128697408], [1784601231.3816347, 123145192], [1784612959.867296, 124233270], [1784622381.2450855, 124159795], [1784632014.5058222, 123962434], [1784641598.8317606, 123624081], [1784648546.4348915, 124593621]], "bitcoin": [[1784542143.8925743, 64147], [1784552677.7286472, 64580], [1784562527.971905, 65299], [1784570475.1940606, 65543], [1784572030.5872228, 65564], [1784578768.4921405, 65168], [1784584718.9345992, 65243], [1784588834.3900776, 65136], [1784601231.3816347, 65272], [1784612959.867296, 65648], [1784622381.2450855, 66245], [1784632014.5058222, 66140], [1784641598.8317606, 66324], [1784648546.4348915, 66620]], "tether": [[1784542143.8925743, 1330298], [1784552677.7286472, 1330151], [1784562527.971905, 1330303], [1784570475.1940606, 1330392], [1784572030.5872228, 1330460], [1784578768.4921405, 1330510], [1784584718.9345992, 1330527], [1784588834.3900776, 1330609], [1784601231.3816347, 1265973], [1784612959.867296, 1265824], [1784622381.2450855, 1265928], [1784632014.5058222, 1265954], [1784641598.8317606, 1265939], [1784648546.4348915, 1266239]], "gold_ounce": [[1784542143.8925743, 4020.11], [1784552677.7286472, 4012.13], [1784562527.971905, 4013.32], [1784570475.1940606, 4008.66], [1784572030.5872228, 4005.62], [1784578768.4921405, 4007.36], [1784584718.9345992, 4008.06], [1784588834.3900776, 4008.28], [1784601231.3816347, 4030.79], [1784612959.867296, 4066.41], [1784622381.2450855, 4064.0], [1784632014.5058222, 4057.54], [1784641598.8317606, 4046.47], [1784648546.4348915, 4078.2]]}