{"gold_18k": [[1781734616.552191, 141461415], [1781735265.9369316, 141420804], [1781784838.9527063, 141140173], [1781796782.0948513, 140685330], [1781818233.25916, 139547724], [1781824732.291074, 139107634]], "bitcoin": [[1781734616.552191, 64087], [1781735265.9369316, 64254], [1781784838.9527063, 63950], [1781796782.0948513, 63231], [1781818233.25916, 62895], [1781824732.291074, 62738]], "tether": [[1781734616.552191, 1254458], [1781735265.9369316, 1254530], [1781784838.9527063, 1287583], [1781796782.0948513, 1287320], [1781818233.25916, 1286419], [1781824732.291074, 1286430]], "gold_ounce": [[1781796782.0948513, 4243.66], [1781818233.25916, 4209.35], [1781824732.291074, 4196.07]]}