{"gold_18k": [[1782816119.1985054, 123329335], [1782840625.060163, 123329335], [1782856409.7342622, 123329335], [1782859985.632595, 123329335], [1782903478.561609, 121937448]], "bitcoin": [[1782816119.1985054, 59227], [1782840625.060163, 58300], [1782856409.7342622, 58511], [1782859985.632595, 58492], [1782903478.561609, 58593]], "tether": [[1782816119.1985054, 1257895], [1782840625.060163, 1258075], [1782856409.7342622, 1258168], [1782859985.632595, 1258119], [1782903478.561609, 1258735]], "gold_ounce": [[1782816119.1985054, 4059.63], [1782840625.060163, 4059.63], [1782856409.7342622, 4059.63], [1782859985.632595, 4059.63], [1782903478.561609, 4012.18]]}