{"gold_18k": [[1781671922.3794484, 143391195], [1781672294.8308678, 143375280], [1781706346.2003274, 144457513], [1781734616.552191, 141461415], [1781735265.9369316, 141420804]], "bitcoin": [[1781671922.3794484, 65932], [1781672294.8308678, 65875], [1781706346.2003274, 65195], [1781734616.552191, 64087], [1781735265.9369316, 64254]], "tether": [[1781671922.3794484, 1254226], [1781672294.8308678, 1254235], [1781706346.2003274, 1254387], [1781734616.552191, 1254458], [1781735265.9369316, 1254530]]}