{"gold_18k": [[1782672971.9396954, 116969270], [1782679391.4618106, 116969270], [1782683138.740026, 116969270], [1782686562.1420982, 116969270], [1782743834.4948912, 112586908], [1782767406.0035832, 112586908], [1782769662.5591488, 112586908], [1782771523.0202026, 112586908]], "bitcoin": [[1782672971.9396954, 59465], [1782679391.4618106, 59611], [1782683138.740026, 59605], [1782686562.1420982, 59142], [1782743834.4948912, 59468], [1782767406.0035832, 60243], [1782769662.5591488, 60388], [1782771523.0202026, 60375]], "tether": [[1782672971.9396954, 1184614], [1782679391.4618106, 1184597], [1782683138.740026, 1184625], [1782686562.1420982, 1184575], [1782743834.4948912, 1139785], [1782767406.0035832, 1140109], [1782769662.5591488, 1140110], [1782771523.0202026, 1140117]], "gold_ounce": [[1782672971.9396954, 4089.0], [1782679391.4618106, 4089.0], [1782683138.740026, 4089.0], [1782686562.1420982, 4089.0], [1782743834.4948912, 4089.29], [1782767406.0035832, 4089.29], [1782769662.5591488, 4089.29], [1782771523.0202026, 4089.29]]}