{"gold_18k": [[1784688292.937541, 134715445], [1784699351.2452836, 134850224], [1784708818.9457424, 134279616], [1784718515.714936, 134337541], [1784728203.9894743, 135316403], [1784734857.0927467, 135739994], [1784740646.1960995, 135242650], [1784742479.0507858, 135165144], [1784747763.3810494, 134925772], [1784754342.5645742, 134781366], [1784761310.0160313, 134486190], [1784774258.320346, 128746110], [1784785932.399044, 129094263], [1784795265.6101346, 127909729]], "bitcoin": [[1784688292.937541, 66327], [1784699351.2452836, 65943], [1784708818.9457424, 66015], [1784718515.714936, 66004], [1784728203.9894743, 65806], [1784734857.0927467, 65950], [1784740646.1960995, 66106], [1784742479.0507858, 66134], [1784747763.3810494, 65715], [1784754342.5645742, 65877], [1784761310.0160313, 66003], [1784774258.320346, 65779], [1784785932.399044, 65634], [1784795265.6101346, 65485]], "tether": [[1784688292.937541, 1352371], [1784699351.2452836, 1352342], [1784708818.9457424, 1352399], [1784718515.714936, 1352276], [1784728203.9894743, 1352311], [1784734857.0927467, 1352575], [1784740646.1960995, 1352687], [1784742479.0507858, 1352624], [1784747763.3810494, 1352559], [1784754342.5645742, 1352628], [1784761310.0160313, 1352556], [1784774258.320346, 1295928], [1784785932.399044, 1295956], [1784795265.6101346, 1295995]], "gold_ounce": [[1784688292.937541, 4128.05], [1784699351.2452836, 4132.18], [1784708818.9457424, 4114.69], [1784718515.714936, 4116.47], [1784728203.9894743, 4146.47], [1784734857.0927467, 4159.44], [1784740646.1960995, 4144.2], [1784742479.0507858, 4141.83], [1784747763.3810494, 4134.49], [1784754342.5645742, 4130.07], [1784761310.0160313, 4121.02], [1784774258.320346, 4117.69], [1784785932.399044, 4128.83], [1784795265.6101346, 4090.95]]}