{"gold_18k": [[1783870748.6824481, 118691457], [1783886228.54703, 118691457], [1783886936.4951842, 118691457], [1783895571.9391682, 118691457], [1783966301.09495, 114440837]], "bitcoin": [[1783870748.6824481, 64098], [1783886228.54703, 64202], [1783886936.4951842, 64173], [1783895571.9391682, 63780], [1783966301.09495, 61901]], "tether": [[1783870748.6824481, 1194027], [1783886228.54703, 1194018], [1783886936.4951842, 1194029], [1783895571.9391682, 1194069], [1783966301.09495, 1151709]], "gold_ounce": [[1783870748.6824481, 4119.78], [1783886228.54703, 4119.78], [1783886936.4951842, 4119.78], [1783895571.9391682, 4119.78], [1783966301.09495, 4116.56]]}