{"gold_18k": [[1784047519.6509004, 124592431], [1784061571.5746522, 124592431], [1784061736.7142048, 124592431], [1784066180.2868826, 124592431], [1784069873.692203, 124592431], [1784073445.148642, 124592431], [1784083822.4013472, 121820290], [1784093409.8062525, 121820290], [1784102858.7825627, 121820290], [1784112516.6867528, 121820290], [1784117642.7224379, 121820290], [1784126974.5387654, 123756981], [1784132456.3177881, 123059136], [1784137509.304551, 123887064], [1784138791.0608714, 124090500]], "bitcoin": [[1784047519.6509004, 64778], [1784061571.5746522, 64403], [1784061736.7142048, 64400], [1784066180.2868826, 64617], [1784069873.692203, 64869], [1784073445.148642, 64982], [1784083822.4013472, 64504], [1784093409.8062525, 64621], [1784102858.7825627, 64590], [1784112516.6867528, 64611], [1784117642.7224379, 64644], [1784126974.5387654, 65330], [1784132456.3177881, 65121], [1784137509.304551, 64980], [1784138791.0608714, 64936]], "tether": [[1784047519.6509004, 1263340], [1784061571.5746522, 1263534], [1784061736.7142048, 1263548], [1784066180.2868826, 1263443], [1784069873.692203, 1263472], [1784073445.148642, 1263514], [1784083822.4013472, 1263984], [1784093409.8062525, 1263784], [1784102858.7825627, 1263917], [1784112516.6867528, 1263916], [1784117642.7224379, 1263822], [1784126974.5387654, 1263718], [1784132456.3177881, 1263885], [1784137509.304551, 1263861], [1784138791.0608714, 1263862]], "gold_ounce": [[1784047519.6509004, 4086.76], [1784061571.5746522, 4086.76], [1784061736.7142048, 4086.76], [1784066180.2868826, 4086.76], [1784069873.692203, 4086.76], [1784073445.148642, 4086.76], [1784083822.4013472, 3994.08], [1784093409.8062525, 3994.08], [1784102858.7825627, 3994.08], [1784112516.6867528, 3994.08], [1784117642.7224379, 3994.08], [1784126974.5387654, 4057.58], [1784132456.3177881, 4034.7], [1784137509.304551, 4061.84], [1784138791.0608714, 4068.51]]}