{"gold_18k": [[1784132456.3177881, 123059136], [1784137509.304551, 123887064], [1784138791.0608714, 124090500], [1784146067.0717266, 123760488], [1784152752.7551339, 123844364], [1784156723.1286461, 123826978], [1784169002.7260807, 126012759], [1784180365.2580533, 125843320], [1784189435.8691099, 125778824], [1784199520.6158543, 125872992], [1784204740.4415295, 125514125], [1784214047.339651, 124866667], [1784222043.292215, 124485001], [1784223888.391582, 124342891], [1784228882.5234468, 124398174], [1784235344.8304958, 124170798], [1784239429.675061, 124288078]], "bitcoin": [[1784132456.3177881, 65121], [1784137509.304551, 64980], [1784138791.0608714, 64936], [1784146067.0717266, 64910], [1784152752.7551339, 64780], [1784156723.1286461, 64871], [1784169002.7260807, 64613], [1784180365.2580533, 64859], [1784189435.8691099, 64096], [1784199520.6158543, 64152], [1784204740.4415295, 64110], [1784214047.339651, 64488], [1784222043.292215, 64222], [1784223888.391582, 64128], [1784228882.5234468, 64216], [1784235344.8304958, 64078], [1784239429.675061, 64151]], "tether": [[1784132456.3177881, 1263885], [1784137509.304551, 1263861], [1784138791.0608714, 1263862], [1784146067.0717266, 1264008], [1784152752.7551339, 1264088], [1784156723.1286461, 1264109], [1784169002.7260807, 1294304], [1784180365.2580533, 1294151], [1784189435.8691099, 1294218], [1784199520.6158543, 1294235], [1784204740.4415295, 1294197], [1784214047.339651, 1294160], [1784222043.292215, 1294423], [1784223888.391582, 1294326], [1784228882.5234468, 1294228], [1784235344.8304958, 1294289], [1784239429.675061, 1294240]], "gold_ounce": [[1784132456.3177881, 4034.7], [1784137509.304551, 4061.84], [1784138791.0608714, 4068.51], [1784146067.0717266, 4057.7], [1784152752.7551339, 4060.45], [1784156723.1286461, 4059.88], [1784169002.7260807, 4034.61], [1784180365.2580533, 4029.19], [1784189435.8691099, 4027.12], [1784199520.6158543, 4030.14], [1784204740.4415295, 4018.65], [1784214047.339651, 3997.92], [1784222043.292215, 3985.7], [1784223888.391582, 3981.15], [1784228882.5234468, 3982.92], [1784235344.8304958, 3975.64], [1784239429.675061, 3979.39]]}