{"gold_18k": [[1783012419.6680174, 125085286], [1783024997.7331405, 125085286], [1783029177.2656162, 125085286], [1783071908.0682764, 124767019], [1783094788.5171735, 124767019], [1783111202.106304, 124767019], [1783111336.4043992, 124767019]], "bitcoin": [[1783012419.6680174, 61650], [1783024997.7331405, 61322], [1783029177.2656162, 61513], [1783071908.0682764, 61570], [1783094788.5171735, 61902], [1783111202.106304, 62658], [1783111336.4043992, 62601]], "tether": [[1783012419.6680174, 1292711], [1783024997.7331405, 1292692], [1783029177.2656162, 1292574], [1783071908.0682764, 1278420], [1783094788.5171735, 1278620], [1783111202.106304, 1278638], [1783111336.4043992, 1278662]], "gold_ounce": [[1783012419.6680174, 4008.93], [1783024997.7331405, 4008.93], [1783029177.2656162, 4008.93], [1783071908.0682764, 4042.63], [1783094788.5171735, 4042.63], [1783111202.106304, 4042.63], [1783111336.4043992, 4042.63]]}