{"gold_18k": [[1784180365.2580533, 125843320], [1784189435.8691099, 125778824], [1784199520.6158543, 125872992], [1784204740.4415295, 125514125], [1784214047.339651, 124866667], [1784222043.292215, 124485001], [1784223888.391582, 124342891], [1784228882.5234468, 124398174], [1784235344.8304958, 124170798], [1784239429.675061, 124288078], [1784246283.7579854, 124427064], [1784258498.7486744, 123675895], [1784268831.3199875, 123445748], [1784279296.2799048, 123369959], [1784287218.5963855, 123289848]], "bitcoin": [[1784180365.2580533, 64859], [1784189435.8691099, 64096], [1784199520.6158543, 64152], [1784204740.4415295, 64110], [1784214047.339651, 64488], [1784222043.292215, 64222], [1784223888.391582, 64128], [1784228882.5234468, 64216], [1784235344.8304958, 64078], [1784239429.675061, 64151], [1784246283.7579854, 63790], [1784258498.7486744, 63634], [1784268831.3199875, 62763], [1784279296.2799048, 62843], [1784287218.5963855, 63024]], "tether": [[1784180365.2580533, 1294151], [1784189435.8691099, 1294218], [1784199520.6158543, 1294235], [1784204740.4415295, 1294197], [1784214047.339651, 1294160], [1784222043.292215, 1294423], [1784223888.391582, 1294326], [1784228882.5234468, 1294228], [1784235344.8304958, 1294289], [1784239429.675061, 1294240], [1784246283.7579854, 1294238], [1784258498.7486744, 1279138], [1784268831.3199875, 1279222], [1784279296.2799048, 1279028], [1784287218.5963855, 1279189]], "gold_ounce": [[1784180365.2580533, 4029.19], [1784189435.8691099, 4027.12], [1784199520.6158543, 4030.14], [1784204740.4415295, 4018.65], [1784214047.339651, 3997.92], [1784222043.292215, 3985.7], [1784223888.391582, 3981.15], [1784228882.5234468, 3982.92], [1784235344.8304958, 3975.64], [1784239429.675061, 3979.39], [1784246283.7579854, 3983.84], [1784258498.7486744, 4006.16], [1784268831.3199875, 3998.71], [1784279296.2799048, 3996.26], [1784287218.5963855, 3993.66]]}