{"gold_18k": [[1783365705.613584, 116133174], [1783374820.866313, 116133174], [1783381481.9969072, 116133174], [1783423311.0602963, 127614422], [1783451803.3595002, 127614422]], "bitcoin": [[1783365705.613584, 63792], [1783374820.866313, 64352], [1783381481.9969072, 64028], [1783423311.0602963, 63123], [1783451803.3595002, 63468]], "tether": [[1783365705.613584, 1152858], [1783374820.866313, 1152746], [1783381481.9969072, 1152837], [1783423311.0602963, 1266036], [1783451803.3595002, 1266242]], "gold_ounce": [[1783365705.613584, 4175.16], [1783374820.866313, 4175.16], [1783381481.9969072, 4175.16], [1783423311.0602963, 4176.39], [1783451803.3595002, 4176.39]]}