{"gold_18k": [[1784584718.9345992, 128690183], [1784588834.3900776, 128697408], [1784601231.3816347, 123145192], [1784612959.867296, 124233270], [1784622381.2450855, 124159795], [1784632014.5058222, 123962434], [1784641598.8317606, 123624081], [1784648546.4348915, 124593621], [1784654261.8882716, 124328437], [1784656329.4901803, 124264585], [1784661588.7291577, 124763485], [1784668054.515157, 124573762], [1784674534.2679956, 124678247], [1784678163.7891486, 124671221], [1784688292.937541, 134715445]], "bitcoin": [[1784584718.9345992, 65243], [1784588834.3900776, 65136], [1784601231.3816347, 65272], [1784612959.867296, 65648], [1784622381.2450855, 66245], [1784632014.5058222, 66140], [1784641598.8317606, 66324], [1784648546.4348915, 66620], [1784654261.8882716, 66435], [1784656329.4901803, 66269], [1784661588.7291577, 66314], [1784668054.515157, 66298], [1784674534.2679956, 66247], [1784678163.7891486, 66502], [1784688292.937541, 66327]], "tether": [[1784584718.9345992, 1330527], [1784588834.3900776, 1330609], [1784601231.3816347, 1265973], [1784612959.867296, 1265824], [1784622381.2450855, 1265928], [1784632014.5058222, 1265954], [1784641598.8317606, 1265939], [1784648546.4348915, 1266239], [1784654261.8882716, 1266195], [1784656329.4901803, 1266111], [1784661588.7291577, 1266148], [1784668054.515157, 1266168], [1784674534.2679956, 1266219], [1784678163.7891486, 1266114], [1784688292.937541, 1352371]], "gold_ounce": [[1784584718.9345992, 4008.06], [1784588834.3900776, 4008.28], [1784601231.3816347, 4030.79], [1784612959.867296, 4066.41], [1784622381.2450855, 4064.0], [1784632014.5058222, 4057.54], [1784641598.8317606, 4046.47], [1784648546.4348915, 4078.2], [1784654261.8882716, 4069.52], [1784656329.4901803, 4067.43], [1784661588.7291577, 4083.76], [1784668054.515157, 4077.55], [1784674534.2679956, 4080.97], [1784678163.7891486, 4080.74], [1784688292.937541, 4128.05]]}