{"gold_18k": [[1782497564.4757378, 123123396], [1782510215.848668, 123123396], [1782510457.1027925, 123123396], [1782514531.762262, 123123396], [1782551656.8014095, 127300045], [1782572662.296493, 127300045], [1782591459.3931863, 127300045]], "bitcoin": [[1782497564.4757378, 60018], [1782510215.848668, 59911], [1782510457.1027925, 59915], [1782514531.762262, 59930], [1782551656.8014095, 60298], [1782572662.296493, 60504], [1782591459.3931863, 60186]], "tether": [[1782497564.4757378, 1271584], [1782510215.848668, 1271576], [1782510457.1027925, 1271587], [1782514531.762262, 1271648], [1782551656.8014095, 1312556], [1782572662.296493, 1312510], [1782591459.3931863, 1312449]], "gold_ounce": [[1782497564.4757378, 4009.99], [1782510215.848668, 4009.99], [1782510457.1027925, 4009.99], [1782514531.762262, 4009.99], [1782551656.8014095, 4016.15], [1782572662.296493, 4016.15], [1782591459.3931863, 4016.15]]}