{"gold_18k": [[1783543509.6287324, 126989367], [1783543590.9574533, 126989367], [1783587331.579693, 128510339], [1783617930.0894063, 128510339], [1783631288.30557, 128510339], [1783637470.3153005, 128510339]], "bitcoin": [[1783543509.6287324, 62156], [1783543590.9574533, 62142], [1783587331.579693, 62861], [1783617930.0894063, 62759], [1783631288.30557, 63336], [1783637470.3153005, 63285]], "tether": [[1783543509.6287324, 1266666], [1783543590.9574533, 1266709], [1783587331.579693, 1297716], [1783617930.0894063, 1297768], [1783631288.30557, 1297886], [1783637470.3153005, 1297933]], "gold_ounce": [[1783543509.6287324, 4154.26], [1783543590.9574533, 4154.26], [1783587331.579693, 4103.13], [1783617930.0894063, 4103.13], [1783631288.30557, 4103.13], [1783637470.3153005, 4103.13]]}