{"gold_18k": [[1784747763.3810494, 134925772], [1784754342.5645742, 134781366], [1784761310.0160313, 134486190], [1784774258.320346, 128746110], [1784785932.399044, 129094263], [1784795265.6101346, 127909729], [1784804896.9556448, 127877681], [1784814881.8369062, 126796484], [1784822076.8086593, 126642340], [1784827303.2752678, 126635930], [1784829278.9356363, 126283713], [1784834073.5137293, 126304661], [1784840568.0017526, 126451301], [1784847320.80189, 126474126], [1784851162.7901964, 126433792]], "bitcoin": [[1784747763.3810494, 65715], [1784754342.5645742, 65877], [1784761310.0160313, 66003], [1784774258.320346, 65779], [1784785932.399044, 65634], [1784795265.6101346, 65485], [1784804896.9556448, 65654], [1784814881.8369062, 64868], [1784822076.8086593, 64941], [1784827303.2752678, 64724], [1784829278.9356363, 64776], [1784834073.5137293, 64814], [1784840568.0017526, 65101], [1784847320.80189, 65118], [1784851162.7901964, 65028]], "tether": [[1784747763.3810494, 1352559], [1784754342.5645742, 1352628], [1784761310.0160313, 1352556], [1784774258.320346, 1295928], [1784785932.399044, 1295956], [1784795265.6101346, 1295995], [1784804896.9556448, 1296075], [1784814881.8369062, 1296022], [1784822076.8086593, 1295943], [1784827303.2752678, 1295609], [1784829278.9356363, 1295679], [1784834073.5137293, 1295756], [1784840568.0017526, 1295786], [1784847320.80189, 1295835], [1784851162.7901964, 1295803]], "gold_ounce": [[1784747763.3810494, 4134.49], [1784754342.5645742, 4130.07], [1784761310.0160313, 4121.02], [1784774258.320346, 4117.69], [1784785932.399044, 4128.83], [1784795265.6101346, 4090.95], [1784804896.9556448, 4089.92], [1784814881.8369062, 4055.34], [1784822076.8086593, 4050.41], [1784827303.2752678, 4050.2], [1784829278.9356363, 4038.94], [1784834073.5137293, 4039.61], [1784840568.0017526, 4044.3], [1784847320.80189, 4045.03], [1784851162.7901964, 4043.74]]}