{"gold_18k": [[1781671922.3794484, 143391195], [1781672294.8308678, 143375280]], "bitcoin": [[1781671922.3794484, 65932], [1781672294.8308678, 65875]], "tether": [[1781671922.3794484, 1254226], [1781672294.8308678, 1254235]]}