{"gold_18k": [[1783239878.8713531, 120616710], [1783256341.0333717, 120616710], [1783269814.9506931, 120616710], [1783283697.1802766, 120616710], [1783283925.4627495, 120616710], [1783340183.363586, 116133174]], "bitcoin": [[1783239878.8713531, 62916], [1783256341.0333717, 62675], [1783269814.9506931, 62582], [1783283697.1802766, 62655], [1783283925.4627495, 62673], [1783340183.363586, 61961]], "tether": [[1783239878.8713531, 1196970], [1783256341.0333717, 1196998], [1783269814.9506931, 1196977], [1783283697.1802766, 1196958], [1783283925.4627495, 1196901], [1783340183.363586, 1152362]], "gold_ounce": [[1783239878.8713531, 4175.35], [1783256341.0333717, 4175.35], [1783269814.9506931, 4175.35], [1783283697.1802766, 4175.35], [1783283925.4627495, 4175.35], [1783340183.363586, 4175.16]]}