{"gold_18k": [[1782297291.4946778, 124029721]], "bitcoin": [[1782211826.997841, 62236], [1782235893.5070436, 62561], [1782251843.2634056, 62534], [1782254812.4562042, 62494], [1782297291.4946778, 62501]], "tether": [[1782211826.997841, 1258228], [1782235893.5070436, 1258206], [1782251843.2634056, 1258194], [1782254812.4562042, 1258313], [1782297291.4946778, 1265742]], "gold_ounce": [[1782297291.4946778, 4058.27]]}