{"gold_18k": [[1782743834.4948912, 112586908], [1782767406.0035832, 112586908], [1782769662.5591488, 112586908], [1782771523.0202026, 112586908], [1782816119.1985054, 123329335]], "bitcoin": [[1782743834.4948912, 59468], [1782767406.0035832, 60243], [1782769662.5591488, 60388], [1782771523.0202026, 60375], [1782816119.1985054, 59227]], "tether": [[1782743834.4948912, 1139785], [1782767406.0035832, 1140109], [1782769662.5591488, 1140110], [1782771523.0202026, 1140117], [1782816119.1985054, 1257895]], "gold_ounce": [[1782743834.4948912, 4089.29], [1782767406.0035832, 4089.29], [1782769662.5591488, 4089.29], [1782771523.0202026, 4089.29], [1782816119.1985054, 4059.63]]}