{"gold_18k": [[1783451803.3595002, 127614422], [1783460807.189224, 127614422], [1783467066.5949974, 127614422], [1783502143.655002, 126989367], [1783527364.6880488, 126989367], [1783543509.6287324, 126989367], [1783543590.9574533, 126989367]], "bitcoin": [[1783451803.3595002, 63468], [1783460807.189224, 63362], [1783467066.5949974, 63615], [1783502143.655002, 61865], [1783527364.6880488, 61769], [1783543509.6287324, 62156], [1783543590.9574533, 62142]], "tether": [[1783451803.3595002, 1266242], [1783460807.189224, 1266363], [1783467066.5949974, 1266394], [1783502143.655002, 1266500], [1783527364.6880488, 1266609], [1783543509.6287324, 1266666], [1783543590.9574533, 1266709]], "gold_ounce": [[1783451803.3595002, 4176.39], [1783460807.189224, 4176.39], [1783467066.5949974, 4176.39], [1783502143.655002, 4154.26], [1783527364.6880488, 4154.26], [1783543509.6287324, 4154.26], [1783543590.9574533, 4154.26]]}