{"gold_18k": [[1782551656.8014095, 127300045], [1782572662.296493, 127300045], [1782591459.3931863, 127300045], [1782592719.740272, 127300045], [1782635638.2321982, 116969270], [1782658764.2392108, 116969270]], "bitcoin": [[1782551656.8014095, 60298], [1782572662.296493, 60504], [1782591459.3931863, 60186], [1782592719.740272, 60174], [1782635638.2321982, 60151], [1782658764.2392108, 59964]], "tether": [[1782551656.8014095, 1312556], [1782572662.296493, 1312510], [1782591459.3931863, 1312449], [1782592719.740272, 1312524], [1782635638.2321982, 1184682], [1782658764.2392108, 1184637]], "gold_ounce": [[1782551656.8014095, 4016.15], [1782572662.296493, 4016.15], [1782591459.3931863, 4016.15], [1782592719.740272, 4016.15], [1782635638.2321982, 4089.0], [1782658764.2392108, 4089.0]]}