{"gold_18k": [[1782658764.2392108, 116969270], [1782672971.9396954, 116969270], [1782679391.4618106, 116969270], [1782683138.740026, 116969270], [1782686562.1420982, 116969270], [1782743834.4948912, 112586908]], "bitcoin": [[1782658764.2392108, 59964], [1782672971.9396954, 59465], [1782679391.4618106, 59611], [1782683138.740026, 59605], [1782686562.1420982, 59142], [1782743834.4948912, 59468]], "tether": [[1782658764.2392108, 1184637], [1782672971.9396954, 1184614], [1782679391.4618106, 1184597], [1782683138.740026, 1184625], [1782686562.1420982, 1184575], [1782743834.4948912, 1139785]], "gold_ounce": [[1782658764.2392108, 4089.0], [1782672971.9396954, 4089.0], [1782679391.4618106, 4089.0], [1782683138.740026, 4089.0], [1782686562.1420982, 4089.0], [1782743834.4948912, 4089.29]]}