{"gold_18k": [[1784785932.399044, 129094263], [1784795265.6101346, 127909729], [1784804896.9556448, 127877681], [1784814881.8369062, 126796484], [1784822076.8086593, 126642340], [1784827303.2752678, 126635930], [1784829278.9356363, 126283713], [1784834073.5137293, 126304661], [1784840568.0017526, 126451301], [1784847320.80189, 126474126], [1784851162.7901964, 126433792], [1784864045.9716198, 131724659], [1784874278.6037881, 131741337], [1784884855.436034, 132333237]], "bitcoin": [[1784785932.399044, 65634], [1784795265.6101346, 65485], [1784804896.9556448, 65654], [1784814881.8369062, 64868], [1784822076.8086593, 64941], [1784827303.2752678, 64724], [1784829278.9356363, 64776], [1784834073.5137293, 64814], [1784840568.0017526, 65101], [1784847320.80189, 65118], [1784851162.7901964, 65028], [1784864045.9716198, 65305], [1784874278.6037881, 65398], [1784884855.436034, 64994]], "tether": [[1784785932.399044, 1295956], [1784795265.6101346, 1295995], [1784804896.9556448, 1296075], [1784814881.8369062, 1296022], [1784822076.8086593, 1295943], [1784827303.2752678, 1295609], [1784829278.9356363, 1295679], [1784834073.5137293, 1295756], [1784840568.0017526, 1295786], [1784847320.80189, 1295835], [1784851162.7901964, 1295803], [1784864045.9716198, 1355261], [1784874278.6037881, 1355264], [1784884855.436034, 1355411]], "gold_ounce": [[1784785932.399044, 4128.83], [1784795265.6101346, 4090.95], [1784804896.9556448, 4089.92], [1784814881.8369062, 4055.34], [1784822076.8086593, 4050.41], [1784827303.2752678, 4050.2], [1784829278.9356363, 4038.94], [1784834073.5137293, 4039.61], [1784840568.0017526, 4044.3], [1784847320.80189, 4045.03], [1784851162.7901964, 4043.74], [1784864045.9716198, 4028.07], [1784874278.6037881, 4028.58], [1784884855.436034, 4046.68]]}