{"gold_18k": [[1784448895.3579626, 129803112], [1784456802.7321641, 129803112], [1784462211.0779707, 129803112], [1784467434.281248, 129803112], [1784472858.9240727, 129803112], [1784476592.5051916, 129803112], [1784480417.7625122, 129803112], [1784482236.4825408, 129803112], [1784487840.9717996, 129803112], [1784493910.7860038, 129803112], [1784497872.4272144, 129803112], [1784501438.712038, 129144318], [1784505337.3440142, 128904904], [1784516173.3925369, 129119947], [1784528364.593101, 128731924], [1784542143.8925743, 129077243], [1784552677.7286472, 128820862]], "bitcoin": [[1784448895.3579626, 64667], [1784456802.7321641, 64554], [1784462211.0779707, 64416], [1784467434.281248, 64295], [1784472858.9240727, 64536], [1784476592.5051916, 64529], [1784480417.7625122, 64487], [1784482236.4825408, 64610], [1784487840.9717996, 64347], [1784493910.7860038, 64447], [1784497872.4272144, 64339], [1784501438.712038, 64705], [1784505337.3440142, 64638], [1784516173.3925369, 64816], [1784528364.593101, 64106], [1784542143.8925743, 64147], [1784552677.7286472, 64580]], "tether": [[1784448895.3579626, 1338951], [1784456802.7321641, 1338963], [1784462211.0779707, 1338882], [1784467434.281248, 1338813], [1784472858.9240727, 1338821], [1784476592.5051916, 1338895], [1784480417.7625122, 1338841], [1784482236.4825408, 1338942], [1784487840.9717996, 1338900], [1784493910.7860038, 1338820], [1784497872.4272144, 1338839], [1784501438.712038, 1338922], [1784505337.3440142, 1338856], [1784516173.3925369, 1330536], [1784528364.593101, 1330347], [1784542143.8925743, 1330298], [1784552677.7286472, 1330151]], "gold_ounce": [[1784448895.3579626, 4017.47], [1784456802.7321641, 4017.47], [1784462211.0779707, 4017.47], [1784467434.281248, 4017.47], [1784472858.9240727, 4017.47], [1784476592.5051916, 4017.47], [1784480417.7625122, 4017.47], [1784482236.4825408, 4017.47], [1784487840.9717996, 4017.47], [1784493910.7860038, 4017.47], [1784497872.4272144, 4017.47], [1784501438.712038, 3997.09], [1784505337.3440142, 3989.68], [1784516173.3925369, 4021.45], [1784528364.593101, 4009.36], [1784542143.8925743, 4020.11], [1784552677.7286472, 4012.13]]}