{"gold_18k": [[1782903478.561609, 121937448], [1782930192.0504544, 121937448], [1782943603.8505795, 121937448], [1782946664.5967612, 121937448], [1782987372.3973835, 125085286]], "bitcoin": [[1782903478.561609, 58593], [1782930192.0504544, 60074], [1782943603.8505795, 60752], [1782946664.5967612, 60382], [1782987372.3973835, 61140]], "tether": [[1782903478.561609, 1258735], [1782930192.0504544, 1259025], [1782943603.8505795, 1259034], [1782946664.5967612, 1259058], [1782987372.3973835, 1292163]], "gold_ounce": [[1782903478.561609, 4012.18], [1782930192.0504544, 4012.18], [1782943603.8505795, 4012.18], [1782946664.5967612, 4012.18], [1782987372.3973835, 4008.93]]}