{"gold_18k": [[1783793258.57018, 131387662], [1783800611.8010442, 131387662], [1783805711.6770089, 131387662], [1783841658.5848994, 118691457], [1783856667.738885, 118691457], [1783870748.6824481, 118691457], [1783886228.54703, 118691457], [1783886936.4951842, 118691457], [1783895571.9391682, 118691457]], "bitcoin": [[1783793258.57018, 64269], [1783800611.8010442, 64244], [1783805711.6770089, 64316], [1783841658.5848994, 63844], [1783856667.738885, 63953], [1783870748.6824481, 64098], [1783886228.54703, 64202], [1783886936.4951842, 64173], [1783895571.9391682, 63780]], "tether": [[1783793258.57018, 1320914], [1783800611.8010442, 1320931], [1783805711.6770089, 1320981], [1783841658.5848994, 1194017], [1783856667.738885, 1194022], [1783870748.6824481, 1194027], [1783886228.54703, 1194018], [1783886936.4951842, 1194029], [1783895571.9391682, 1194069]], "gold_ounce": [[1783793258.57018, 4121.92], [1783800611.8010442, 4121.92], [1783805711.6770089, 4121.92], [1783841658.5848994, 4119.78], [1783856667.738885, 4119.78], [1783870748.6824481, 4119.78], [1783886228.54703, 4119.78], [1783886936.4951842, 4119.78], [1783895571.9391682, 4119.78]]}