{"gold_18k": [[1782591459.3931863, 127300045], [1782592719.740272, 127300045], [1782635638.2321982, 116969270], [1782658764.2392108, 116969270], [1782672971.9396954, 116969270], [1782679391.4618106, 116969270], [1782683138.740026, 116969270], [1782686562.1420982, 116969270]], "bitcoin": [[1782591459.3931863, 60186], [1782592719.740272, 60174], [1782635638.2321982, 60151], [1782658764.2392108, 59964], [1782672971.9396954, 59465], [1782679391.4618106, 59611], [1782683138.740026, 59605], [1782686562.1420982, 59142]], "tether": [[1782591459.3931863, 1312449], [1782592719.740272, 1312524], [1782635638.2321982, 1184682], [1782658764.2392108, 1184637], [1782672971.9396954, 1184614], [1782679391.4618106, 1184597], [1782683138.740026, 1184625], [1782686562.1420982, 1184575]], "gold_ounce": [[1782591459.3931863, 4016.15], [1782592719.740272, 4016.15], [1782635638.2321982, 4089.0], [1782658764.2392108, 4089.0], [1782672971.9396954, 4089.0], [1782679391.4618106, 4089.0], [1782683138.740026, 4089.0], [1782686562.1420982, 4089.0]]}