{"gold_18k": [[1782297291.4946778, 124029721], [1782302735.8427873, 123594515], [1782324783.5860858, 121511700]], "bitcoin": [[1782235893.5070436, 62561], [1782251843.2634056, 62534], [1782254812.4562042, 62494], [1782297291.4946778, 62501], [1782302735.8427873, 62860], [1782324783.5860858, 59479]], "tether": [[1782235893.5070436, 1258206], [1782251843.2634056, 1258194], [1782254812.4562042, 1258313], [1782297291.4946778, 1265742], [1782302735.8427873, 1265865], [1782324783.5860858, 1265694]], "gold_ounce": [[1782297291.4946778, 4058.27], [1782302735.8427873, 4044.03], [1782324783.5860858, 3975.88]]}