{"gold_18k": [[1781950841.4036946, 137763658], [1781971613.1371703, 137763658], [1781988906.6012926, 137763658], [1781989165.3283165, 137763658], [1782038928.2214422, 137763658]], "bitcoin": [[1781971613.1371703, 63956], [1781988906.6012926, 63843], [1781989165.3283165, 63847], [1782038928.2214422, 64292], [1782049705.6127, 63995], [1782061061.279294, 64081]], "tether": [[1781971613.1371703, 1357571], [1781988906.6012926, 1357392], [1781989165.3283165, 1357451], [1782038928.2214422, 1226478], [1782049705.6127, 1226564], [1782061061.279294, 1226515]], "gold_ounce": [[1781950841.4036946, 4155.53], [1781971613.1371703, 4155.53], [1781988906.6012926, 4155.53], [1781989165.3283165, 4155.53], [1782038928.2214422, 4155.53]]}