{"gold_18k": [[1783150242.6126661, 131397745], [1783166304.6921275, 131397745], [1783180006.8369648, 131397745], [1783196088.0069978, 131397745], [1783196183.470633, 131397745], [1783239878.8713531, 120616710]], "bitcoin": [[1783150242.6126661, 62508], [1783166304.6921275, 62452], [1783180006.8369648, 62864], [1783196088.0069978, 63302], [1783196183.470633, 63293], [1783239878.8713531, 62916]], "tether": [[1783150242.6126661, 1318212], [1783166304.6921275, 1318216], [1783180006.8369648, 1318220], [1783196088.0069978, 1318269], [1783196183.470633, 1318265], [1783239878.8713531, 1196970]], "gold_ounce": [[1783150242.6126661, 4130.37], [1783166304.6921275, 4130.37], [1783180006.8369648, 4130.37], [1783196088.0069978, 4130.37], [1783196183.470633, 4130.37], [1783239878.8713531, 4175.35]]}