{"gold_18k": [[1783751197.1727397, 131387662], [1783766660.595665, 131387662], [1783780628.721354, 131387662], [1783793258.57018, 131387662], [1783800611.8010442, 131387662], [1783805711.6770089, 131387662], [1783841658.5848994, 118691457]], "bitcoin": [[1783751197.1727397, 64202], [1783766660.595665, 64106], [1783780628.721354, 64398], [1783793258.57018, 64269], [1783800611.8010442, 64244], [1783805711.6770089, 64316], [1783841658.5848994, 63844]], "tether": [[1783751197.1727397, 1320918], [1783766660.595665, 1320729], [1783780628.721354, 1320817], [1783793258.57018, 1320914], [1783800611.8010442, 1320931], [1783805711.6770089, 1320981], [1783841658.5848994, 1194017]], "gold_ounce": [[1783751197.1727397, 4121.92], [1783766660.595665, 4121.92], [1783780628.721354, 4121.92], [1783793258.57018, 4121.92], [1783800611.8010442, 4121.92], [1783805711.6770089, 4121.92], [1783841658.5848994, 4119.78]]}