{"gold_18k": [[1781893015.8129473, 137763658], [1781896601.0181854, 137763658], [1781902563.0035758, 137763658], [1781902652.6829646, 137763658], [1781913217.6534722, 137763658], [1781950841.4036946, 137763658], [1781971613.1371703, 137763658], [1781988906.6012926, 137763658], [1781989165.3283165, 137763658]], "bitcoin": [[1781893015.8129473, 63095], [1781896601.0181854, 62994], [1781902563.0035758, 63128], [1781902652.6829646, 63140], [1781913217.6534722, 63254], [1781950841.4036946, 63649], [1781971613.1371703, 63956], [1781988906.6012926, 63843], [1781989165.3283165, 63847]], "tether": [[1781893015.8129473, 1272139], [1781896601.0181854, 1272144], [1781902563.0035758, 1272153], [1781902652.6829646, 1272182], [1781913217.6534722, 1272247], [1781950841.4036946, 1357619], [1781971613.1371703, 1357571], [1781988906.6012926, 1357392], [1781989165.3283165, 1357451]], "gold_ounce": [[1781893015.8129473, 4155.53], [1781896601.0181854, 4155.53], [1781902563.0035758, 4155.53], [1781902652.6829646, 4155.53], [1781913217.6534722, 4155.53], [1781950841.4036946, 4155.53], [1781971613.1371703, 4155.53], [1781988906.6012926, 4155.53], [1781989165.3283165, 4155.53]]}