{"gold_18k": [[1784011031.7983067, 124592431], [1784030395.790276, 124592431], [1784047519.6509004, 124592431], [1784061571.5746522, 124592431], [1784061736.7142048, 124592431], [1784066180.2868826, 124592431], [1784069873.692203, 124592431], [1784073445.148642, 124592431], [1784083822.4013472, 121820290], [1784093409.8062525, 121820290]], "bitcoin": [[1784011031.7983067, 62688], [1784030395.790276, 62786], [1784047519.6509004, 64778], [1784061571.5746522, 64403], [1784061736.7142048, 64400], [1784066180.2868826, 64617], [1784069873.692203, 64869], [1784073445.148642, 64982], [1784083822.4013472, 64504], [1784093409.8062525, 64621]], "tether": [[1784011031.7983067, 1262880], [1784030395.790276, 1262906], [1784047519.6509004, 1263340], [1784061571.5746522, 1263534], [1784061736.7142048, 1263548], [1784066180.2868826, 1263443], [1784069873.692203, 1263472], [1784073445.148642, 1263514], [1784083822.4013472, 1263984], [1784093409.8062525, 1263784]], "gold_ounce": [[1784011031.7983067, 4086.76], [1784030395.790276, 4086.76], [1784047519.6509004, 4086.76], [1784061571.5746522, 4086.76], [1784061736.7142048, 4086.76], [1784066180.2868826, 4086.76], [1784069873.692203, 4086.76], [1784073445.148642, 4086.76], [1784083822.4013472, 3994.08], [1784093409.8062525, 3994.08]]}