{"gold_18k": [[1782297291.4946778, 124029721], [1782302735.8427873, 123594515], [1782324783.5860858, 121511700], [1782337899.759462, 122324655], [1782341783.038208, 122056624], [1782383085.6341364, 123754645]], "bitcoin": [[1782297291.4946778, 62501], [1782302735.8427873, 62860], [1782324783.5860858, 59479], [1782337899.759462, 60972], [1782341783.038208, 60771], [1782383085.6341364, 61519]], "tether": [[1782297291.4946778, 1265742], [1782302735.8427873, 1265865], [1782324783.5860858, 1265694], [1782337899.759462, 1265628], [1782341783.038208, 1265579], [1782383085.6341364, 1287348]], "gold_ounce": [[1782297291.4946778, 4058.27], [1782302735.8427873, 4044.03], [1782324783.5860858, 3975.88], [1782337899.759462, 4002.48], [1782341783.038208, 3993.71], [1782383085.6341364, 3981.19]]}