{"gold_18k": [[1783587331.579693, 128510339], [1783617930.0894063, 128510339], [1783631288.30557, 128510339], [1783637470.3153005, 128510339], [1783679777.67055, 126592325]], "bitcoin": [[1783587331.579693, 62861], [1783617930.0894063, 62759], [1783631288.30557, 63336], [1783637470.3153005, 63285], [1783679777.67055, 64373]], "tether": [[1783587331.579693, 1297716], [1783617930.0894063, 1297768], [1783631288.30557, 1297886], [1783637470.3153005, 1297933], [1783679777.67055, 1284296]], "gold_ounce": [[1783587331.579693, 4103.13], [1783617930.0894063, 4103.13], [1783631288.30557, 4103.13], [1783637470.3153005, 4103.13], [1783679777.67055, 4084.69]]}