{"gold_18k": [[1781950841.4036946, 137763658], [1781971613.1371703, 137763658], [1781988906.6012926, 137763658], [1781989165.3283165, 137763658], [1782038928.2214422, 137763658]], "bitcoin": [[1782134940.0617614, 64982], [1782145230.0179126, 64664], [1782167289.5804005, 64087], [1782169108.0230672, 63915], [1782211826.997841, 62236], [1782235893.5070436, 62561]], "tether": [[1782134940.0617614, 1226702], [1782145230.0179126, 1226653], [1782167289.5804005, 1226625], [1782169108.0230672, 1226631], [1782211826.997841, 1258228], [1782235893.5070436, 1258206]], "gold_ounce": [[1781950841.4036946, 4155.53], [1781971613.1371703, 4155.53], [1781988906.6012926, 4155.53], [1781989165.3283165, 4155.53], [1782038928.2214422, 4155.53]]}