{"gold_18k": [[1781818233.25916, 139547724], [1781824732.291074, 139107634], [1781893015.8129473, 137763658], [1781896601.0181854, 137763658], [1781902563.0035758, 137763658], [1781902652.6829646, 137763658], [1781913217.6534722, 137763658]], "bitcoin": [[1781818233.25916, 62895], [1781824732.291074, 62738], [1781893015.8129473, 63095], [1781896601.0181854, 62994], [1781902563.0035758, 63128], [1781902652.6829646, 63140], [1781913217.6534722, 63254]], "tether": [[1781818233.25916, 1286419], [1781824732.291074, 1286430], [1781893015.8129473, 1272139], [1781896601.0181854, 1272144], [1781902563.0035758, 1272153], [1781902652.6829646, 1272182], [1781913217.6534722, 1272247]], "gold_ounce": [[1781818233.25916, 4209.35], [1781824732.291074, 4196.07], [1781893015.8129473, 4155.53], [1781896601.0181854, 4155.53], [1781902563.0035758, 4155.53], [1781902652.6829646, 4155.53], [1781913217.6534722, 4155.53]]}