{"gold_18k": [[1784301107.5221596, 123766657], [1784315147.7350438, 123708464], [1784319349.7242439, 123862204], [1784321602.455201, 124039560], [1784325153.3630707, 124025050], [1784328561.61942, 124025050], [1784332272.2658248, 124025050], [1784341422.8221624, 128004378], [1784352284.3978481, 128004378], [1784360843.509549, 128004378], [1784366629.352302, 128004378], [1784372532.9973202, 128004378], [1784380335.0754015, 128004378], [1784386258.9158037, 128004378], [1784390170.7617064, 128004378], [1784393951.7210243, 128004378], [1784395738.5582502, 128004378], [1784397688.66464, 128004378], [1784404984.3594766, 128004378]], "bitcoin": [[1784301107.5221596, 62989], [1784315147.7350438, 64171], [1784319349.7242439, 63976], [1784321602.455201, 64018], [1784325153.3630707, 64043], [1784328561.61942, 63911], [1784332272.2658248, 63908], [1784341422.8221624, 63958], [1784352284.3978481, 63913], [1784360843.509549, 63975], [1784366629.352302, 63903], [1784372532.9973202, 63966], [1784380335.0754015, 64041], [1784386258.9158037, 64123], [1784390170.7617064, 64077], [1784393951.7210243, 64245], [1784395738.5582502, 64245], [1784397688.66464, 64439], [1784404984.3594766, 64504]], "tether": [[1784301107.5221596, 1279134], [1784315147.7350438, 1279365], [1784319349.7242439, 1279430], [1784321602.455201, 1279339], [1784325153.3630707, 1279422], [1784328561.61942, 1279380], [1784332272.2658248, 1279416], [1784341422.8221624, 1320464], [1784352284.3978481, 1320393], [1784360843.509549, 1320389], [1784366629.352302, 1320368], [1784372532.9973202, 1320361], [1784380335.0754015, 1320372], [1784386258.9158037, 1320429], [1784390170.7617064, 1320431], [1784393951.7210243, 1320441], [1784395738.5582502, 1320341], [1784397688.66464, 1320446], [1784404984.3594766, 1320414]], "gold_ounce": [[1784301107.5221596, 4009.11], [1784315147.7350438, 4007.22], [1784319349.7242439, 4012.2], [1784321602.455201, 4017.95], [1784325153.3630707, 4017.47], [1784328561.61942, 4017.47], [1784332272.2658248, 4017.47], [1784341422.8221624, 4017.47], [1784352284.3978481, 4017.47], [1784360843.509549, 4017.47], [1784366629.352302, 4017.47], [1784372532.9973202, 4017.47], [1784380335.0754015, 4017.47], [1784386258.9158037, 4017.47], [1784390170.7617064, 4017.47], [1784393951.7210243, 4017.47], [1784395738.5582502, 4017.47], [1784397688.66464, 4017.47], [1784404984.3594766, 4017.47]]}