{"gold_18k": [[1783071908.0682764, 124767019], [1783094788.5171735, 124767019], [1783111202.106304, 124767019], [1783111336.4043992, 124767019], [1783150242.6126661, 131397745]], "bitcoin": [[1783071908.0682764, 61570], [1783094788.5171735, 61902], [1783111202.106304, 62658], [1783111336.4043992, 62601], [1783150242.6126661, 62508]], "tether": [[1783071908.0682764, 1278420], [1783094788.5171735, 1278620], [1783111202.106304, 1278638], [1783111336.4043992, 1278662], [1783150242.6126661, 1318212]], "gold_ounce": [[1783071908.0682764, 4042.63], [1783094788.5171735, 4042.63], [1783111202.106304, 4042.63], [1783111336.4043992, 4042.63], [1783150242.6126661, 4130.37]]}