{"gold_18k": [[1782412538.0225897, 125337174], [1782425322.9960463, 124974724], [1782431723.6512194, 124702732], [1782472736.3704824, 123123396], [1782497564.4757378, 123123396], [1782510215.848668, 123123396], [1782510457.1027925, 123123396]], "bitcoin": [[1782412538.0225897, 59404], [1782425322.9960463, 59961], [1782431723.6512194, 59737], [1782472736.3704824, 59315], [1782497564.4757378, 60018], [1782510215.848668, 59911], [1782510457.1027925, 59915]], "tether": [[1782412538.0225897, 1287309], [1782425322.9960463, 1287130], [1782431723.6512194, 1287202], [1782472736.3704824, 1271447], [1782497564.4757378, 1271584], [1782510215.848668, 1271576], [1782510457.1027925, 1271587]], "gold_ounce": [[1782412538.0225897, 4032.1], [1782425322.9960463, 4020.44], [1782431723.6512194, 4011.69], [1782472736.3704824, 4009.99], [1782497564.4757378, 4009.99], [1782510215.848668, 4009.99], [1782510457.1027925, 4009.99]]}