{"gold_18k": [[1784641598.8317606, 123624081], [1784648546.4348915, 124593621], [1784654261.8882716, 124328437], [1784656329.4901803, 124264585], [1784661588.7291577, 124763485], [1784668054.515157, 124573762], [1784674534.2679956, 124678247], [1784678163.7891486, 124671221], [1784688292.937541, 134715445], [1784699351.2452836, 134850224], [1784708818.9457424, 134279616], [1784718515.714936, 134337541], [1784728203.9894743, 135316403], [1784734857.0927467, 135739994], [1784740646.1960995, 135242650], [1784742479.0507858, 135165144], [1784747763.3810494, 134925772]], "bitcoin": [[1784641598.8317606, 66324], [1784648546.4348915, 66620], [1784654261.8882716, 66435], [1784656329.4901803, 66269], [1784661588.7291577, 66314], [1784668054.515157, 66298], [1784674534.2679956, 66247], [1784678163.7891486, 66502], [1784688292.937541, 66327], [1784699351.2452836, 65943], [1784708818.9457424, 66015], [1784718515.714936, 66004], [1784728203.9894743, 65806], [1784734857.0927467, 65950], [1784740646.1960995, 66106], [1784742479.0507858, 66134], [1784747763.3810494, 65715]], "tether": [[1784641598.8317606, 1265939], [1784648546.4348915, 1266239], [1784654261.8882716, 1266195], [1784656329.4901803, 1266111], [1784661588.7291577, 1266148], [1784668054.515157, 1266168], [1784674534.2679956, 1266219], [1784678163.7891486, 1266114], [1784688292.937541, 1352371], [1784699351.2452836, 1352342], [1784708818.9457424, 1352399], [1784718515.714936, 1352276], [1784728203.9894743, 1352311], [1784734857.0927467, 1352575], [1784740646.1960995, 1352687], [1784742479.0507858, 1352624], [1784747763.3810494, 1352559]], "gold_ounce": [[1784641598.8317606, 4046.47], [1784648546.4348915, 4078.2], [1784654261.8882716, 4069.52], [1784656329.4901803, 4067.43], [1784661588.7291577, 4083.76], [1784668054.515157, 4077.55], [1784674534.2679956, 4080.97], [1784678163.7891486, 4080.74], [1784688292.937541, 4128.05], [1784699351.2452836, 4132.18], [1784708818.9457424, 4114.69], [1784718515.714936, 4116.47], [1784728203.9894743, 4146.47], [1784734857.0927467, 4159.44], [1784740646.1960995, 4144.2], [1784742479.0507858, 4141.83], [1784747763.3810494, 4134.49]]}